0,1,2,3,4,5
0.0,0.01563766515130488,0.02341828802531386,0.0027962855638360476,0.41469565105553213,0.0028445659757531058
0.0,0.01563766515130488,0.026663559384198985,0.003196257273975737,0.41469565105553213,0.011738663697889146
0.0,0.01563766515130488,0.029850160642126186,0.007666077396551812,0.4322695804242324,0.02674993220810138
0.0,0.022715117842317455,0.033113990822515614,0.011992160876088117,0.4326720430223537,0.03129854966129725
0.0,0.022715117842317455,0.033113990822515614,0.016334304565171855,1.2451079186611431,0.05649459261249755
0.0,0.029192653454055126,0.050805485554034,0.02673427627531154,1.6443815485612665,0.08806952530286535
0.0,0.03452636450615474,0.12039735119941541,0.04410285103164649,1.6913573689987809,0.11933037978180125
0.0,0.013554988302750245,0.13496689822252508,0.05460440961159375,1.2757171975243211,0.16753904943956666
0.0,0.02063244099376282,0.3221377673882576,0.06335293782795093,1.447952799822179,0.24235692786512697
0.0,0.029397625724776603,0.45492811249105614,0.09231362479300616,1.4423630083929446,0.34544063010025805
0.0,0.028534749927498965,0.47402881263038815,0.11940564604799704,1.4515915442219374,0.49651542627869516
0.0,0.033868460979598586,0.5035713338465442,0.16833686742478604,1.251141493044716,0.6832991280112442
0.0,0.06093483866482126,0.5314060798358826,0.2626344783535121,0.8611728440492045,0.8889632950434492
0.0,0.07693597182112011,0.5644614005574403,0.3709047455448732,0.8660392134633528,1.05453231521424
0.0,0.1089382381337178,0.681189869555924,0.5153510622078478,0.8915596178084866,1.3597613923549123
0.0,0.15722258636497477,0.7241789118773575,0.7949524962174089,0.8081236317205472,1.619627662528617
0.0,0.23810911798810433,0.7936647364298882,1.0252439354972471,0.9309368778610077,1.9160410527663398
0.0,0.3172463286065972,1.1973117668702498,1.6461447416661252,1.3671932294449505,2.260554049803373
0.0,0.45344056578398484,1.2436107341000868,2.592449792166926,0.7969362904775655,2.481463911665235
0.0,0.5502853565443185,1.4207481764327097,4.097876904782392,0.9255369031429618,2.8104086395349945
0.0,0.7712134741103014,1.6519347470033163,5.635592363854076,1.1348526133448131,2.979471199757276
0.0,1.1486169865766283,1.866692090006829,7.563378744082043,1.218830545085047,3.2439630666547528
0.0,1.419310235294778,1.884927966703113,10.893261327816774,1.2129832023326474,3.843191650450075
0.0,1.6902739989450244,1.9722930109467203,13.59479224711531,1.1806742209043004,4.461913036151004
0.0,1.9420792105920384,1.8226996385337622,16.970554099740962,0.8386856646556713,5.657729571584444
0.0,2.2924971763293223,2.1191905791223653,19.537105963049598,0.8781992338427635,6.278809035266999
0.0,2.6920261981540183,2.229382154610298,22.12703198234599,0.8810637765926257,7.302817271555718
0.0,3.0806614815289404,2.1549347513200767,24.788176700121802,0.7086156405763465,7.923829404166282
0.0,3.235965629472334,2.0553108276274243,27.339637488620596,0.686669793899096,8.581264459246553
0.0,3.6989433301917622,2.1920052689656346,28.717615495985605,0.6793490220572942,8.928342271515733
0.0,4.015304939969493,2.148944754490931,31.730527631464057,0.6340296211426637,8.791787617808012
0.0,4.454165355549415,2.2539704229850335,33.446321903518914,0.5869254704468603,8.203233880071902
0.0035958339092169406,4.783857426280284,2.2547294235888793,35.304770786959246,0.5644174408972893,8.0460419704253
0.0035958339092169406,4.892169649504844,2.405420314161335,37.05441502699601,0.470232920760556,7.409945418071988
0.005146476116689287,4.917878824009491,2.445566428722522,39.15218824208321,0.4502968796238739,7.141653129314142
0.0066971183241616335,5.221097381359105,2.7233245619138797,39.41417945300223,0.4273924821665283,6.704984225699002
0.012899687154051018,5.339743798577913,2.9501360025159378,40.14141620892058,0.40569547250354665,6.238130666517733
0.01600097156899571,5.485343163492005,3.5986981088313925,39.55201659239906,0.4146859587967857,5.988303093952512
0.03305803585119152,5.4754807364453715,4.709546337246033,39.65945426375933,0.3895680170497732,5.6137097086309335
0.03305803585119152,5.497376321936101,5.357200609946425,40.658833627078074,0.5641532522801004,5.623864949739918
0.037709962473608555,5.897992917731755,5.630018977524196,40.433373902666254,0.550179477057042,5.506433363063113
0.0492606046810809,6.471746542064153,5.68282777745355,40.681204488016206,0.5279358289535974,5.672962863789667
0.055957723005242536,6.895942029061078,5.77137680270595,40.406137865555536,0.731943121349421,5.634634067750552
0.05905900742018723,7.107814302426053,5.728874737039215,40.21593088678071,0.7626771864360404,5.701997909779879
0.0724532440685105,7.478750123614063,5.602843550196331,39.772858523308194,1.3418946235829328,5.9722048734473425
0.06314939082367642,7.7738349262823885,5.061318893308178,40.109585876117556,1.403435542628432,6.038003974392853
0.07400388627598285,7.982280701205916,5.182454839361353,39.604015891656765,1.2505317726292287,5.822721596590827
0.10135390279155723,7.976591715451942,5.6934427581731,39.17944662463776,1.2446274865886218,5.681682925001654
0.13025456151460396,8.028696542312076,6.162732757236082,37.75533506474566,1.217063009121726,5.518229436720587
0.16971676345657855,7.94665229469788,6.286484940505668,37.85736436144841,1.3815083501374672,5.5115161564673105
0.2115171093336763,8.381743588758392,6.329006075678579,37.270272526342445,1.3272740604040907,5.421633516943295
0.2545751451848678,8.675546175417951,6.290751728858422,35.778001553258235,0.7101178582433219,5.47284454233874
0.3937060041746892,9.354313605213163,6.170378199032579,34.174116976437666,0.650028471218287,5.4994789136030775
0.6324811589645281,9.844258240561862,5.697229593968254,33.290183069830775,0.5929874296243818,5.6042989274000155
0.8339495458025458,10.338809871388742,5.054571618557406,32.6751425498153,0.8212111273986742,5.754202642415134
1.1218939503009808,10.689995754352267,4.93393008786904,33.24124216120682,0.828459110368216,5.844480492642445
1.4822672376200967,11.089024207680277,5.213372768249695,32.523187771995545,0.4075570491729595,5.801710287436779
1.768363189832702,10.89977452576618,5.409902156011166,30.910612074649904,0.39817562319272864,6.271126270843104
2.105673583455648,10.663696967399863,5.696730999633348,30.58797687932996,0.3860534041012679,6.395020267454015
2.3577467620763466,10.310866534251343,5.774870625120723,29.694468084951303,0.3767967643444787,6.379805156538181
2.6317067837016497,10.241433891614232,5.820301134410865,28.82679900324945,0.3656525978205246,6.321278198900973
3.0604338320827567,10.492994369273871,5.8070717035809984,26.879148256635663,0.12271877799477998,6.199853297895645
3.4080189067100837,10.346610284775783,6.069720575713184,24.586738858687422,0.11293123321306892,6.086547570713996
3.662626968681821,10.112358462011857,6.324815916494158,22.920668433730714,0.1126052156905667,6.02064650048135
3.900777900309065,9.906255340931997,6.6291247972123575,21.853118446243638,0.1031473446347168,5.638076579544491
4.198320342459566,9.771201777685786,6.50410453307639,21.110418101121873,0.12198664167079754,5.552982487723294
4.492694506470467,9.927179171757992,7.120943256754798,19.795538480605096,0.3209815757475397,5.936413596066384
4.814254864367896,10.016499412999469,7.332015826299393,18.205419917735025,0.5148973150765995,6.000100744064334
5.186117274101735,9.680329507585734,7.2817897589389755,17.68280646909923,0.9230734632832134,5.968390742591652
5.5826164208361275,9.565302931431184,7.370667389178663,15.860929487298028,0.9309495878743747,6.181376688481652
5.9238162166885955,9.934327971460476,7.761475309177428,15.13321985418312,0.9338916122846652,6.321881996863004
6.561588170996007,10.022624821957477,8.839532613398843,14.431662538834125,1.145439331978786,6.60092876445429
6.567973449770867,10.144656830428021,9.352184700420105,13.56503573350884,1.3206889016430292,6.584279819205095
6.582284317751173,10.179742956173907,8.820181159522964,12.981463576606469,1.5187057831522646,6.820873510480028
6.762393943952656,10.217966338290516,8.845274122791974,12.303183967782763,1.3158110093177513,6.9979372695106115
6.704938542993651,10.487974016533421,9.093897904710987,12.434771800679803,0.9067534908392758,7.061410589689045
6.769363895020418,10.76673026160192,9.289005198536627,12.387266580014359,0.8939713699950401,6.9299971483175105
6.673776449750094,10.607283617503104,7.848467646422256,12.660723601034764,0.9025515269823874,7.269037984986417
6.286858918872052,10.644096906166647,6.189556150236347,12.424674207699457,0.7027517388327467,7.207703294122939
6.311399987119134,10.72696582574451,5.439253989394174,12.500624275247121,0.4949790726729555,7.502382795255944
6.437204219272214,10.832460283494827,5.072209859502402,11.912271045765127,0.10355346343619702,7.206168259320654
6.396709669777941,10.901590113551896,4.5348881701932084,11.71929109778289,0.1132310309937099,7.0622736530931
6.810662369210559,10.501392711623017,4.5684683592174,10.769307515713175,0.11773456464866294,7.42867299242179
7.629613383793735,10.15624003709105,4.369388724967553,10.428598396219876,0.12304302349985854,7.703910491002478
7.87485545664096,9.760793546168204,4.498125585456335,9.811049446091092,0.10873713606395101,7.681472149827912
7.783348062997241,9.578687672592293,4.274555659651608,9.76021920231273,0.10342867721275543,7.781088537345591
8.020906382879469,9.497527817835648,4.266874585636109,9.41459412194447,0.09872391225874176,7.60271029205152
8.236442024047001,8.900824268021438,4.756789977158225,9.307937465743716,0.10349548356318032,7.621946091775403
8.38694143138625,8.555575227892948,5.072734558362855,8.981340071227194,0.09623269159439507,7.9283991123821975
8.148101747219464,8.689363957624186,4.679143727989526,8.571915152975691,0.09168081679161949,8.668277738267085
7.32970009464505,8.424496143440226,4.6856028627712965,8.39966279004827,0.08821154355976614,8.988929016153056
7.198451576296923,8.44512288288844,4.836150675656864,7.988495571081678,0.09733553038534332,9.137371267749655
7.376612839701051,8.3107964567463,5.055906356426222,7.434960389943932,0.11593585346937273,9.506027924145409
7.148546012876543,8.239560790256352,4.97924538500143,7.342575794577122,0.11787172138436003,10.575865879942064
6.902232041607326,8.166352664925036,4.629640000231575,7.122040604739416,0.10135228965878551,10.918111606977659
7.044157275330706,7.9650442228414615,4.286259570260578,6.441578467584252,0.0979515947947807,11.027851665736279
6.946662323502009,7.61306747288672,4.319140156943141,6.1612439781886925,0.11175047062915137,11.003546442593029
6.950708298190827,7.3755678570677805,4.351033356842196,5.600719182608981,0.31479026790713227,11.100261119503426
6.834924185527524,7.057156877372554,4.407446264960465,5.396980628882609,0.3481605771015661,11.621717621393008
6.69450217571275,7.419237591110398,4.249617325024425,5.477481645775579,0.343304694013738,11.595653842746543
6.705604598596837,7.447755827249348,4.2201905940047535,4.856913433801142,0.3479049099643361,11.099864794921928
6.896590071914257,7.792641982818221,3.8824003178928237,4.584495901478592,0.38969882979152015,10.957667686525463
6.458075568657855,7.990311453317842,4.106089827096475,4.4702604637693915,0.42642149270213625,11.117516666383604
6.721740861811934,7.746956953699714,4.207396241112649,4.278812161273686,0.42554012243027467,12.251310811326931
6.674319609813653,7.901107743812119,4.374329258842843,4.23758524666376,0.24092142617471224,12.991362953327693
6.695935396312501,7.922307295843907,4.379390717829561,4.0107642207772285,0.6253706341262617,13.415932044879792
6.6714418183872235,7.757545048817932,4.4544661565642585,3.8619266790793216,0.6251975067549976,15.483291037797756
6.790486796336465,7.691014067434073,4.40641876315125,3.9060904138976493,0.6835873033833753,16.184737369923216
6.71579894451548,7.18180605020381,4.674816264882938,3.77927199199033,1.3390911979617335,17.29668727705858
6.938945943014387,6.807132232648089,4.720170278632781,3.7112822875515823,1.3353442483552005,18.12389390531215
6.680651924334802,6.752941043066447,5.036318971442308,3.7130300538443515,1.622553498823938,17.21448922627346
6.554574243351193,6.760388726546683,5.073070966336074,3.646292121194687,1.8197288573920067,17.980451374565714
6.422119839131765,6.827502574409308,5.02020308696194,3.548091907218561,1.4300439794615216,18.542275523235013
6.401314066175117,6.824003505407269,5.149283652713269,3.4222478997395758,1.4236124445993519,18.490372753650774
6.307012985907704,6.736670211895123,5.6972836457489855,3.3989932339373223,1.4602244638162056,19.946595950023703
6.114816767701505,7.033681033437762,6.036320673124386,3.3998615321100445,1.064448211075732,20.57729083323171
5.880478528889172,7.074471873157758,6.013484936670825,3.4087626326828855,1.3905009342675791,21.41403660846479
5.632786836472061,7.068431290285085,5.8477987313543665,3.211792009681667,1.2375319431119853,21.496641551562625
5.57195731835451,7.024793911545765,5.982778218802292,3.275101321679842,1.2598925107311008,22.67828668541496
5.582836175054645,7.142560247751478,6.497381113831461,3.3460393938972364,1.8781218962293662,23.607575740260714
5.524657256508448,7.238287187744497,7.355565428531378,3.381148944850321,2.289890843980733,24.291157007171435
5.455735861036197,7.500578467258,7.628474624427998,3.30320059526916,2.394399908614446,24.78833367566077
5.684699271725846,7.380650825833675,8.163586788981123,3.2808394183156193,2.5113275544086706,25.922416536074238
5.699969403514963,7.346013917905103,8.99168305632927,3.423974221725972,2.2987741931600922,26.810294610058406
5.995548366441684,7.495719300447407,10.14289538650548,3.5667031957355038,2.794393335834382,28.076687531621086
6.375075785870469,7.6395794926017775,10.256195054240669,3.479953494118109,2.907632639004447,28.27598242176262
6.7950983708804555,7.854682877397782,10.269363224788247,3.4465929989981086,2.9089164718744303,28.957182083877164
6.766455354106647,7.926341510208181,10.392836265740346,3.2289596858585057,2.7584645901497247,30.031730801403608
7.583662357937816,7.947699079624617,11.025823279913602,3.373609455453998,2.958570158601842,30.45704958198153
7.981726249546061,7.944895494857465,11.434998940059774,3.433105108752568,2.5776161126486867,30.692873707179203
8.04729542358739,8.35701463071251,11.751050135401426,3.264475739837714,2.8943409980973467,31.551759686679752
8.911343864968917,8.789186702864155,11.788792638826303,3.2634836661085638,2.583900296063952,31.888079428866153
9.301231230355734,9.041221370737498,12.26560358360883,3.354415714562454,2.41496693431703,33.762186158251644
9.863815526657296,9.08619559181569,13.679394667094927,3.4948608575527147,1.9910161239070199,35.44468063477677
10.427625212233007,9.570858734793285,14.036051843399779,3.69898684992107,1.8986085973272395,35.01386996294478
9.896760927895306,9.946344084502597,14.050378526453795,3.5128314750604632,1.946519557405221,36.63983536385872
10.501528027846547,10.326378201852432,14.146383353640974,3.51571078522961,1.9329201408524872,37.32110202933261
11.498917125535758,10.446656180168368,14.633821622842067,3.551200245147592,1.6541350570025135,37.207497091092755
11.650536609728668,10.535435558662767,14.680773132197249,3.5163348911036594,1.3612876028333754,36.66536231292419
12.031036090263356,10.826254300096265,15.875712961566911,3.4387716233474785,1.776604668018995,36.52073321513567
11.8638912955073,11.056431050165395,14.696077577217967,3.3460335962847143,1.8454632164947795,36.31323554938211
11.998228374168717,10.980635986355397,14.021614056973283,3.277489988106461,1.773158283133803,36.51693537838653
13.654573017463402,11.035428025280746,14.677319804276303,3.5843973378460525,2.2813794001744196,34.74718941253107
13.992242812980393,11.010621440517316,14.85296818092384,3.7796425815110353,2.876533324476612,34.374605803014035
15.11938829701881,11.27684603580641,13.639309025863458,3.9431496427829265,3.340079539915152,33.83176271434633
16.59481692506844,11.285025169971464,13.862319100864651,4.131664564463972,3.7477088185034484,33.78821868250129
18.21115609443122,11.325099553259543,13.6919569902172,4.268446548645399,3.3941628473391896,33.22412388207608
19.578480047829053,11.43153635088539,14.281112679518174,4.327637822917647,3.2390495152108407,31.90608258665876
20.797852817427263,11.946909792288528,14.856556657665791,4.5452688020906145,3.5409360173128093,32.73533294803488
22.461556574495553,12.04549898166252,14.643116598151815,4.737524247974969,3.0922842723822503,32.68211181757183
22.755706627086013,12.184656137670641,15.319420306159955,4.640635992940878,3.693875145968395,32.034019609118005
23.355740777219236,12.17668371291812,15.788543624416123,4.5559049304283095,3.218097461794689,30.78633789055886
23.764307083405928,12.145201039834236,15.691182022566306,4.377736318833501,3.971565242030948,30.07323237670334
24.21060771331406,12.135398174123365,16.041643997929846,4.28833991638198,4.37197726904817,28.362754155164158
25.49315369209228,12.456617615655631,15.351542760367966,4.229738667556368,4.863939860737542,27.60505814609561
24.27364747676376,12.528052137110912,16.599561499491028,4.250494260758416,4.8363409878166985,25.377626789294265
25.567075320653814,12.82668030101671,16.655869024433922,4.016684568099928,4.814270347063884,24.433834442187038
28.623265387313356,12.978368777339703,15.879368899595764,3.999479345784847,4.527822415625907,23.679284936760425
29.220671448517276,13.280918989451045,16.750437434855375,3.9692762604375984,5.001493535148228,23.546876141209715
30.605098105913335,13.462270215554714,15.910511697304871,4.054784459631424,4.666072491921019,22.65685179577
30.181995513784095,13.67919721428517,15.364244519807489,4.096986315424606,5.834816151126196,21.930572509180863
30.50423066325556,13.657378899790185,17.084997149582037,4.170676407263355,5.659007794685964,22.081642234811177
33.28336852347788,13.525188918151551,18.219111309568003,4.315811169507892,5.986106112228357,21.695021358704786
32.08682598178887,13.191615604997184,19.47742146501451,4.414375891947999,6.168627328256676,21.22390249700645
31.200495367965125,13.107443268475567,21.61267795818367,4.357372563820902,5.919187223695395,21.243503829969058
31.999256022415466,13.117173243219503,21.67351333846671,4.115151718866487,5.452116262602022,20.801287025256713
31.59761888308049,12.74290733678381,22.58767161990091,4.115706163137716,5.587554339947386,21.174603400059056
31.916919111826694,12.778257068360169,24.097811160676468,4.041982010387459,4.060710063627907,21.66081673874196
30.921177485249345,12.649474323147453,24.89720229451562,3.981085752674261,4.898126755112427,20.896646070626154
29.225982064705686,12.599551009195116,25.97944965543172,3.599242522010334,4.612710677118646,20.60946532713869
30.09441075894445,12.44126259121532,27.357350466443556,3.3964111974029585,4.513464349806856,20.466913295710675
29.881740654797746,12.766409325783412,29.214924764607975,3.575374558856124,4.099870913266878,20.024645954478498
29.233424593999665,12.51493945258403,30.588106967461247,3.5790525113442286,4.192813103706369,20.056586170021546
29.228060024458433,13.06297746325591,30.67782824342356,3.575131151552867,3.8056574852272584,19.35801854826343
29.252738703480947,13.075365681986636,30.04563456700272,3.529656667209954,3.8750879281088624,18.878084875599047
29.027243229270034,12.810486050720769,30.584297339438283,3.4630339565419237,4.3358413239355365,18.781749438104118
29.357726830900496,13.176206983980181,30.985407358902606,3.662108218090127,4.494902829117358,19.629492621275894
28.635344747946757,13.313626523213527,31.52322873599926,3.6408249565865796,4.5054020918714635,20.392045253290146
27.31864200812732,13.339478329445809,31.248396708952384,3.479328534373846,4.423097237485952,19.728725466093067
26.905120342572065,13.304319637897077,32.29358678851233,3.7064166052247125,4.462556301871825,20.00062055926454
26.65659235273621,13.21595566303449,32.93885220238445,3.7161844053756217,4.295347374177501,20.203677764381066
27.543980218251573,13.10875945321685,31.326281822962216,3.722340226902115,4.201466758009429,19.91305710355374
27.53672880570573,13.288099380716357,30.750221247237985,3.816935434164838,3.03827190644568,19.697344088029354
27.446664278673783,13.129043694466523,30.247673553512993,3.9285247858108665,2.7284681466950556,18.082857047595613
26.019724632481815,13.068193954996863,28.626728332111355,4.020214726144751,2.3642279730037816,18.439373771553964
26.22811617052065,12.531027865584552,30.29798394061684,4.043756675193655,2.4950229293236283,18.63549081077468
26.232740111396613,11.95707803938548,32.3433768666757,4.012247977827515,2.6462913646210997,17.697995866579877
25.710518917028157,11.77892076354787,33.69152852495873,4.089678411125849,2.357898351722635,17.2447456246047
24.713071998412754,11.35447076265071,36.025044602401024,4.111975435909152,2.5969388359564074,17.055252965846204
23.814808976236325,11.454218227220647,36.761713100996545,4.1327822717611555,2.17320843382471,17.810609590981002
23.033599318303025,11.171042841010077,37.87331335957708,3.8430514002988754,2.8274100792277728,18.60842755935055
21.87285800035539,12.25931100645972,42.14214868269762,4.120481438023555,3.14645712648229,17.63394932663693
20.815797238379133,12.531377409236162,40.87915579106633,4.181873803549254,3.063622326841494,17.8137729923034
19.066103531973592,13.026173131213337,39.887499376560044,4.185294036186619,2.976234248810784,18.77199279354974
17.369602932306538,13.072805224751498,40.50651642704399,4.200173622881783,2.887223650408099,19.306622419009408
15.515284593397674,13.395900225371243,41.09137280765023,4.33766951287736,2.6840606184323317,19.72046660728011
15.068758546699808,13.276629464503616,44.42808670250371,4.3777607760960136,3.371065800000768,18.702553981897026
14.71053630639442,13.475030012711498,45.926975519038635,4.747581502654224,2.563484001764004,19.212720743748207
15.429301743149301,12.612751865968482,44.96657628447557,4.580719153563177,2.1440888328436785,18.96043530745458
15.350444799168562,12.581105556655341,46.881578061194766,4.633449926543986,1.986359501679663,18.99524645548502
15.648951360627851,12.323711922554622,47.18742053148732,4.813786749172999,1.811427791215039,18.12614785037548
15.215474867437573,12.388665746460426,47.073547513338944,4.857476860675755,2.6117635596312465,18.331661069488337
15.404432113740455,12.258966768751414,49.428525338971,4.884887648215305,2.43350516874337,18.31782733206857
15.41189422080522,12.30508195968332,48.88431488737971,4.936183182370105,2.9265174311481843,18.33473743263444
15.1448755472418,12.998535677892363,47.36358716048566,5.024211143163303,2.955124883347076,18.403783052317436
14.451949035664711,13.363517444899507,48.32911461920985,5.049884389106678,2.984604953101347,18.521152039131206
13.595998022282727,13.9464027976551,47.67404506360482,5.29279740470312,3.4490065423956198,18.560919483886767
12.663607458157886,14.719409059255591,48.59986947521288,5.486786933957738,3.5029008916159623,18.842326829179356
12.170045701186455,15.215012728604494,49.44060180101036,5.621524681631051,2.7177822184451585,18.331994036034367
11.82774718248896,15.589734531445822,50.90327219469077,5.657797653238273,2.7398254828506685,18.363686657483306
10.84093427592155,16.427700296264064,51.659299074441726,5.889344182121006,1.5016447767257857,18.348859871551532
10.492928896866854,16.45107747726532,54.832349943767284,5.916780484139764,1.5098390521316785,18.04396811569911
10.322338750642047,16.956574056538525,57.619333077581956,6.224832434876352,2.2742398479386097,19.136543310268173
9.972896594994412,17.180498372321406,60.214814520395905,6.551464865961709,1.8789024369546554,19.50009835743512
9.798598524311197,17.557955015210965,63.91042612782033,6.67669656849977,1.8718073441363514,19.851407287683543
9.550838607168076,18.271838336522926,66.73330868578711,6.915957695421419,1.840662102142714,20.61013911654714
8.962174854817563,18.90375548784883,67.05948886840696,7.269243348767196,1.8468035901179487,21.10993148265984
8.961023166546326,19.18191295766489,70.6072688441766,7.238303363812114,2.0146075921798663,21.90227796636812
8.82853638960402,20.180383999984105,73.19486332358538,7.888358737662872,2.751488117978484,22.847686080186943
8.412874627243855,20.73953761119987,76.77819081633474,8.109454707862762,2.0210020155052697,22.712603504699757
8.38792249939081,21.52897087190889,79.25912718317826,8.1639013248151,2.0224148451031057,22.821836393482872
8.734452786674227,22.47437975934979,80.69694130040492,8.520255389478976,1.9568853828804724,23.245338541828783
8.9206389337084,22.68788520685346,83.83575442716933,8.605818009601858,2.0258105940300846,23.150841456773126
9.179387951012565,23.736288335808684,92.10827520669714,8.779697641622322,2.53966139033984,23.269345658382612
9.131223606001303,24.667372026073128,89.55494111419665,9.074443897221805,2.366039186038129,23.481290754569553
9.011725478860763,24.984268926935215,92.19555097302978,8.503418938282076,1.6045713302173472,22.909444079339934
8.153854087255379,26.27957308547785,93.07587095678356,8.998701227667125,2.0048406302864534,23.39057528093884
8.08980572024179,26.858319331257682,96.69003056045167,9.036708782059018,2.0061843272153883,24.503259134622713
7.245649503264562,27.403622169855172,98.84328172058403,9.296484505131863,2.1536853907094846,24.497604419758183
6.862748583936657,28.055300460923426,97.52189313365322,9.849023167038537,2.0385383235522285,25.10444991774021
6.4943710777137635,29.04010568530226,95.66316596694702,9.964469572538198,1.7276075235942447,25.465205860906522
6.515855959542934,29.324410291320863,100.29272575821517,10.108337699479735,2.0262151962849053,25.418988368365756
6.508480965692604,30.79044981535183,106.38304407675164,10.955689811379777,2.067246144073249,26.536412992044614
7.059833092246317,31.01164704826746,113.7368552074623,10.678505344452763,2.1318992941295583,26.510876021255665
7.127381697611086,32.09154801855369,121.74336697009643,11.924203341284395,2.4671029278133725,26.389308019473244
8.48056592902285,32.15541543770136,127.08487150535689,12.103572527722699,2.4739587533795513,26.351461766308056
9.879974082100633,35.27450467122176,134.2923361551065,12.400803597455607,2.453984009820241,26.314068878944198
10.24208873304724,36.47058723542841,138.9736602784951,12.969572253052425,2.387261451165391,26.16360235033049
10.350172670949826,37.45530298718791,144.42071699556843,13.51041755184054,2.3858958218141777,26.416104022063994
10.474041953689571,39.11877556452967,148.89079671682344,14.148045463146813,2.5725424933525436,27.304095086550205
10.703882988905505,40.42024434288545,156.73675257149523,15.209796015408608,2.186762590100539,27.58740779849856
10.529665868222454,42.32834255017972,159.12523769854477,14.8640124453889,2.0426889859762793,27.09152943878966
9.193280441884223,44.742466370632776,159.41222739765982,15.473213676419581,2.090900073798931,28.289353946773886
7.591914754383119,44.98435266884799,163.0057683954423,15.848882042314413,2.200677962592792,28.72307097777689
7.611510327687478,46.064478380751886,161.1259205205513,15.994631108893996,2.4636250434236593,29.945637756771347
7.5727058817818955,48.14949406508282,159.15072216806342,16.7628611926752,2.486540369339866,31.34310160534278
7.560270292855454,50.30446801242345,165.5300979112871,17.566706187720925,2.415944515477265,31.25261564090007
7.524343022289373,52.627667877127294,160.99920370314197,17.812427731735525,2.910027332063944,32.711889918224216
7.450917101028034,54.04310564652015,172.2179953872731,19.3081131276128,3.1563824532979554,36.13603195386509
7.569129552448028,57.03598803625297,169.90475399319382,19.973739215968624,3.370823229145187,39.01980208404972
7.49559099657351,58.67726134014728,168.75031247404735,20.869404341958703,3.4276682865292525,39.7226998533499
7.657307926930235,61.34740106180149,171.8673218969021,22.804670324728498,3.533363059683909,40.9028753922622
7.549914661850908,62.90083843617005,177.22183076765492,23.665925781291378,3.552958093167283,41.68562434479398
7.659646686952285,68.10387100081532,170.58922174586363,25.710190153471704,3.7218387221304097,43.738994229949256
7.903749251565939,71.89381911238159,169.5573446650736,27.56758770958465,3.838217601150503,45.306294035352835
8.193970353402184,73.90591269395283,157.46933217078504,29.71663179886373,4.276802532353848,46.32061155207087
8.378995639366654,75.25635603091821,160.483086737368,32.6030033840181,4.453534213908305,48.190799798389016
8.606431536922807,78.58262792937974,155.78021439903466,33.62044282154312,4.3040845065183815,48.10424726349141
8.830341059814607,80.4396168169281,152.72918110325028,34.41596411431544,4.074141978352008,49.270945361088145
9.03265730802211,82.96161325881229,149.93141945166968,35.255005220568826,4.199965939439119,48.72920407633018
9.191900874820545,82.91188741887474,141.1331199205383,36.7143221429901,4.083015761614478,49.37736920714352
9.023419216328076,83.68750255768434,130.75805952545002,37.11939525825137,3.354531555142944,47.25733624042931
9.50959194997823,86.21297738777143,118.72521557282772,38.01532779219606,3.0304985238355022,44.93661536265129
9.787261129408293,89.49261844108274,111.5327917047184,37.82988371623893,3.2658969305893555,44.77492814572245
9.948876917079641,89.86812321817568,108.64689384079921,39.194021691833605,3.30014336296643,45.950319901712305
10.051598136046774,89.72645739237942,98.7132423287274,39.54156006883006,4.070207544481811,44.050464277972836
10.272170012215085,89.01571992204623,88.71701019131244,40.134704520887176,3.7739600225580245,46.65876942633003
10.572909408706504,88.48728261728378,90.36691450439571,41.32640123439747,3.6929746783779898,49.11875392684104
11.192231533180335,87.2217060641875,91.64419425415788,41.84786658447566,4.60155258182765,54.39449370629111
11.47661972666218,88.74725784346175,88.32817239895498,40.79529977965506,4.748818149928752,56.32352081124215
11.459711223364232,85.7141852623192,84.05205905931324,40.13380785568288,4.746698449509372,57.06333553380435
12.17076608273108,87.7742057772005,79.94628129612009,41.41639171489612,5.250017746459276,58.712928279792045
12.694816225982512,90.11851180087552,83.4631583265846,41.74859954599253,5.365968591070745,62.66661891785739
13.59050843960934,95.4489730419196,82.48622011477829,42.37923033479033,6.172239085310915,63.69802094746276
13.878476661291613,99.02654499567086,74.21718669455801,43.302071900874076,6.152382402168474,62.6703758110551
13.731036521977408,101.73333305076864,67.32452271579851,45.63886615321823,5.640331608456637,62.84514217998542
13.811795420699177,102.7664093677257,63.80697240391724,48.050659191556655,5.375810941168924,64.08540214087031
14.383613421718344,105.48034710768937,60.29613919703817,52.49303897684628,4.667511324704139,64.22958788196068
14.846449199099876,103.15324190295078,56.65019219477002,53.41975651986119,4.901589415845561,65.32038607444842
15.725971763028681,100.47933716822926,54.74356908551902,55.60060771205841,4.263481750276822,67.78429692387273
16.09667701055938,98.39415988855495,51.45400389108201,56.87398811447174,3.592470412472599,68.84501030229022
16.265950339342115,99.96318565985774,48.277786731149185,58.605884597129744,3.8389783793417718,70.98007250639787
17.0945294439984,100.77193883756367,48.322126034955055,57.93062423837828,3.5185841381155187,71.5442871877919
17.41132270311709,98.67808686036258,45.60385531795571,59.39494844874931,3.48684841248596,74.79573468753426
18.573630396958052,95.90021991807006,44.248446073364086,57.51033412046509,4.1141614225382614,77.06165374654343
19.597243269922412,96.82464700887184,42.219187000111084,58.46849462000319,3.842922750193381,77.8179841183794
20.615569589301938,97.21100798571005,42.2043533299861,57.50518447447966,3.637214467183682,78.7155439672753
21.463369674574178,95.49199910455631,42.01338733348313,58.44782836430299,3.460011525856448,80.83577502080138
22.385068333701906,91.42202907297424,38.53376603808874,57.47984413347885,3.2173359612783976,82.23051533843986
24.04147134198677,91.16998459076441,33.18119474099243,57.76149386973581,3.234266413226401,79.1040742951252
25.317706827603526,88.65317850631172,31.87810995803617,55.568560065946905,3.4391026065872383,76.27588016213369
24.871528546826035,88.10257289007157,29.248018973980724,56.32387310109449,3.3824393163900686,72.65265657395479
27.075535045013098,85.53052986799516,29.528608412482512,54.5928963442964,3.236142718234631,72.32700948439594
27.681803446244224,85.12502123116502,28.356163218337645,54.78329035625762,3.077829376092407,71.07839135974855
28.29000186702077,83.2897558861403,29.639700421796334,53.92837956692054,3.1762214004753226,68.44174500171165
29.148650356553986,80.28896328835111,31.33758287152414,53.501877070161996,3.1289994826627225,68.88976689362741
30.866054714715492,72.19226802535202,31.278702768045715,54.13165345447333,3.0061291889176642,75.77878604394435
32.591664819363736,69.91940333432217,30.265183161706087,54.46643561649139,2.508942450160487,74.74325249168913
36.235522757739055,67.378545544595,31.69203717082864,51.86673883109902,2.0714788219394014,73.88410049365869
35.939329502236006,64.63187679756923,33.309483096906135,51.232687643794954,1.7623787166175964,73.1412124522259
38.41735308284176,64.43544243123634,33.15291132973592,50.91769967440922,1.8000386565034723,76.37842626995895
39.68573120397908,63.97632561857407,32.83179310177406,50.463121359942264,1.8285539223590823,77.26730404219903
41.34629782580179,67.44957258918171,33.37147703274619,52.37117228998076,1.90703526989393,75.26881336587526
42.60669438389576,69.81969894849455,34.67161383175901,53.514986755886675,2.056144299594576,79.93671502809308
44.00814573050613,69.91462660087696,35.0259943660573,55.44274169203261,4.302669677012801,83.52293868471338
43.31570861545159,69.57635403662215,34.36612397225452,57.069715586383516,4.179380106153195,86.54880254713149
45.20033089553358,70.54268401807046,33.256739431361716,59.86380100428204,4.199632526087185,86.8009862416945
45.845329897621504,70.76868202584855,32.40586121430742,63.70567583747057,4.317242702128869,85.3374925628214
47.08384248176669,71.04706249436383,29.481693324614103,65.94085255705315,4.310747092703336,87.21111822608034
46.08610648552628,72.9201655048343,28.402897369077408,69.42718598562504,5.796225508271511,88.35433847012987
52.63805906659325,75.63403242784474,26.858995526137324,71.14354714544275,5.8224552964184415,80.04380553820783
53.83704075085689,75.61968310271425,26.83456062910464,74.07064457507308,4.333183570746115,80.51752689230194
57.14581612640554,76.74358421309277,27.159212659490258,77.98835991911413,4.648504340905835,77.74242549364558
60.82927032150508,75.3894399592358,25.754873887780033,78.80063413281854,4.612591850280682,77.58604058484653
63.79085826747585,72.00642149787902,24.52147711516145,78.00886480140127,4.6554284995431265,73.51109188212752
65.08949757952058,70.41019148920759,24.089812602809054,80.69042105163581,4.863625978050891,70.25799265087313
68.11697062975917,65.48818805847394,22.12844220907767,79.50025693766821,3.310222637475083,69.07590990087786
71.72068834310296,62.83155352335946,21.42810639717128,79.20423719469771,3.393929176514667,67.42694069089369
72.81905359140276,62.95466573037283,21.505350060519756,77.293544507689,2.928622435693659,63.827809941107844
75.15141424246242,61.13498941258549,20.625937547636042,75.53594863595218,2.52126137588641,62.283086301882506
77.76359287403199,60.96647172656219,19.890741824652906,74.3691714576228,2.660747980488492,60.51780901870627
80.75386030134912,59.743708787916056,19.402908995316402,73.87144707482116,2.7627059288908207,61.02990832294489
80.57220981948056,57.63979152619969,19.555299341790597,71.4065303893822,2.405014913501917,60.69567691452711
90.5566039002335,52.857273197675646,18.880653759685263,66.44446983756362,2.361552315808105,57.41719101284497
84.6861409124498,53.80777905186654,18.24382443777207,66.11732385505388,2.5933210279653407,57.34213363057416
85.3235213035191,51.189400573075766,17.355985961952477,65.5864429463999,2.302892632697646,55.44551722802229
90.05803013136418,50.342690281441264,16.50662357967489,65.57596509054154,2.556873311327304,54.171965329039395
89.3518247251744,49.449608088640105,16.37428632521504,64.52918431415773,2.572389206176125,53.913677349310895
88.2733366392879,47.8960694995169,16.10518585335748,63.92814424955033,2.266009212928022,51.114985148685236
90.54353486215992,46.5129202730231,15.613813834775492,62.82748324230096,2.2152944217602566,48.63577671939184
87.22810600748899,47.45658256949308,15.135286541292409,64.15843209261153,4.039982098386642,48.87237134915464
91.27270812231525,43.22911909629832,13.33491923681374,62.62948177331819,3.6348466600812412,45.32790774649015
92.6222757830686,42.44922393368677,11.953315241422084,60.7499081785989,3.8045999450073325,44.34187076554667
91.75240553931236,41.53164557929261,11.248210096119765,59.791177409929,3.531196441541095,43.5291603587538
88.86352108748872,38.91918349883576,10.828722042300761,58.143523820032,3.6547189671669624,41.85555485927811
84.30552380600201,39.413224308293614,9.990202707769342,56.4796843318079,3.8217427929092693,40.06147103632764
86.81959608453832,37.91581286665151,7.954709615618121,54.283515746750155,3.782546526935783,39.89543734641286
88.51229139029608,36.951198462188614,8.465426061394988,51.69613290671281,1.9103770548551557,36.443938267916984
85.61199259698111,37.29523829478353,9.486611568135457,48.98014239517019,2.119886574477089,34.56138068669735
85.09971466746946,36.30673731215868,10.773724838512202,47.18291158904705,1.7572527445984178,33.34227229177287
84.13284046538561,35.664719242971216,10.769086783822493,44.83921906653149,1.9773242322927311,33.405642910935455
86.70963594225975,36.0578050672713,10.687854175762451,42.426978650935126,1.850397544583183,32.64242210709813
94.56363330403428,34.08229029822003,11.984471693683224,42.28366705699116,1.7550936046388346,31.72260432339823
107.6383729591707,34.02200385387556,13.45321611685385,43.254302154356864,1.7194385531683354,29.72496766933016
103.39337260786897,31.084892596017845,13.215729084535878,43.228348738335264,1.666083014088271,27.228240550643438
107.04768700014652,28.51079983050598,13.309282620106558,43.07690889923709,1.8226861375158814,26.262344319647507
109.75830897854773,27.67589012410472,13.092286124920104,42.28071442678397,1.977347810445039,24.20885541376781
111.2848497416539,25.9191876291337,13.294688531049005,41.572751719735194,2.2233666116580415,22.736502515796133
118.8084226367245,25.352148518434714,13.415450153215156,40.84780373337694,2.194815367314743,21.88132200599829
120.48446460271586,23.85514506362943,12.44861999980567,40.00313287506964,1.9187780956826432,21.211240519605294
109.24698025391723,22.76464175135216,12.233493654927704,39.35455021988558,2.264979212598032,20.367678257986036
113.56990111582061,22.53115576634005,12.070893180709854,37.94596109233557,3.6533511173990236,22.120205036407313
114.04116565829133,21.820942310941117,11.597074886564824,36.907886726508536,3.2274268758676365,22.00984468773386
112.48341113250467,21.252805965989722,11.50089360812363,36.01068646831888,3.0890827368954286,21.9151100012203
112.74772816018175,21.186035480170176,11.071798002933608,35.65849645458217,3.9686468060218303,22.21676525531195
108.03697189803201,20.2792460885648,11.118869230002671,36.3298197231014,3.9256762219466292,22.137807800331363
104.39465982073212,20.66748865012543,11.182529664924916,35.8126692305431,4.059247017596975,21.726211048734406
99.91009177932612,20.24648375610236,11.196584749064094,34.444964851219126,3.7176820872677516,20.947989527098798
94.7015203225127,19.04855624725748,11.162627489784215,34.47060087329256,2.391624447708908,19.302118371610426
88.81188661211682,18.630844506055656,11.135892997688023,35.124564518024755,2.849235653560494,18.554248513510025
90.34447544647568,18.110731096119615,11.317192475017416,36.13604377740374,3.0317531501142323,18.167099388927628
86.74871037572667,17.843108248964754,11.239765627216638,36.209028826061406,1.8464316496118447,16.853061008582266
82.69086512395197,18.367836022452746,11.244650342753943,36.48093080397835,1.9662289432535158,16.293074245164725
79.86653011665514,17.985586982913627,11.08112925951266,36.516679063485526,1.9372548101083862,15.535816576233252
79.07257826110326,17.730094156409944,10.781760436445898,37.3983505123132,1.954947431010181,15.354409746738407
77.61702573078895,17.963815360274797,10.816655901928678,37.285585740164905,1.9587382179600517,15.085306352341023
77.06702942613802,17.500415645435893,11.136493595794201,36.911425444570355,1.5076585921695658,15.06468653983676
73.10090842925773,17.09693063547402,11.39140654479536,36.679642550524754,1.3580261091461012,15.013845904218064
68.7632650898416,17.034697156489138,11.41166013276497,36.25799794736897,1.2075639615868443,15.020824671277568
65.29603803737108,16.151528690006387,11.347597692960232,35.64063986968735,0.9420875434781399,15.025345851291709
62.67481913578889,15.985769940756937,12.091785014846597,36.23316658305547,0.8924215973956946,14.788867562076431
59.49469410037923,16.077531569917852,12.735600593314231,36.249239884936905,1.0050684284275127,14.332218774465112
56.95073023701399,15.461908873652062,12.657372185254893,36.25878526388234,1.016783681116367,14.40804136194723
53.127491194260244,15.418928703792913,12.67152710418332,36.820991177021384,1.0372811696927555,13.096554374449797
48.790055077117785,15.271453672460112,12.72842772468813,36.70205246512183,1.083536264548905,12.217840703822748
46.88704815725952,14.936832268088212,12.998926246095362,37.29419572962193,3.0112755502392834,12.777798309696752
44.78577089068715,14.928334668433301,13.36745637158819,37.727329934607624,3.0564562035323544,12.810309860080716
41.78052928753597,14.965646363643572,13.807955001365418,36.827496729852264,3.316876093063308,12.464527202341728
38.72462815211056,14.847547284806122,13.82480473203696,36.9000393383666,3.5799296070835265,12.762689030419473
36.39052797864918,15.107696254958531,15.146885627352628,38.07438045033217,3.731749111817641,12.612659223653935
37.19977107809656,14.964045125936671,16.334010766293904,38.16006029501273,3.836997585030839,12.526639047955209
35.70850113371687,15.12295293637858,17.250019170651797,39.20863739364286,3.9249525370370772,12.11853625193271
33.14403423499626,15.226080339286199,17.27197741974928,38.52231129405977,2.0831671199733877,12.347043353283299
30.69754527364788,15.334258909815825,17.3851749360979,37.7683888687646,2.2565748433545707,12.230450474087785
28.68994548026724,15.321150581059936,18.517737943544578,38.72196560223145,2.418606515223396,11.875995749133015
29.079178789656734,15.559319806570588,19.669947043266333,37.634543069866766,2.306999437000634,11.784992344760267
27.40929628211489,15.614470232578764,19.951395582124345,36.61746979398977,2.2962520805169957,11.293204525792413
22.17788658357224,15.87299614788648,19.428030321611423,37.59375197366979,2.5553482870133077,11.220531662553217
22.02114197609877,16.058475900577598,18.870395543215896,41.851088575060345,2.58018068567787,11.489051345725501
21.001746622663077,16.145790038881803,19.038548917122206,43.83915421284207,2.727305506315706,10.754846368011066
20.993911846711125,16.223287481563986,19.022491869206508,45.19588106724944,3.165486827178899,10.678491886643764
21.078706317494394,16.4016104943225,19.504599104829886,45.92488064452164,3.216857016294955,10.462685820142072
20.249390284211895,16.65763991019374,19.3008717179883,47.285684620935285,3.267367213260374,10.7474481228911
20.393368650261632,16.04507505543688,19.245518875887875,49.37950925945194,3.33502927089257,9.992846612560383
20.96707842532582,15.956091170557382,18.62638710223172,48.35267445276477,3.198620706535276,9.669122144455459
19.665650821531347,16.10292419751184,20.156390615872702,44.26454103452526,3.372610777200502,9.650066102928012
19.380015885939216,15.971101168823058,20.06674927387328,44.0054461809444,3.307649038239483,10.946700055008739
18.50612771588355,16.08912117380305,19.98844520044355,43.39915956575823,3.1544153740226504,10.720172460861413
17.26643030943895,16.214862051442932,19.57717488563123,42.28568414494354,3.241133544573061,10.955534103212967
16.8788531022408,16.273993027933532,19.377667257982715,42.285087102081874,3.2647079324930384,10.687267755588788
16.135045266098366,17.071199861615597,18.77694290912738,40.95895019940208,3.271896051403628,11.447995032101849
15.277710438032157,17.340381306622508,19.685200366459167,40.847523545800044,2.3492025283629143,11.670168848864067
15.515710889563936,17.62686800644354,18.563217685221566,39.81233221241284,2.3564423513246124,11.276112162986982
14.935716363495843,18.020071625995733,18.635277215108115,39.3876602747836,2.3264993622046295,10.34362256920917
15.404577472521698,18.612856248772392,2.287147220002147,39.46931102654049,2.3187075493968576,7.595404905710629
15.838651508497406,18.671262518154304,0.8830497579210607,39.58690795761337,0.7577316215589921,7.599482503903806
16.25048053057582,18.54707845596397,0.8616280656803881,38.81401636484718,0.7599935069964816,6.1111144272511035
15.996002142272408,17.02173005254995,0.8597239152589948,37.16111265953388,0.7418984234965653,6.184405784889617
15.61956868389338,19.01834975773806,0.8637702349044553,38.35348169921016,0.7645172778714606,6.225552023988103
15.147129396100379,10.225187311066152,0.0,38.45854435246967,0.0,3.7677302331377067
15.924011764257653,11.055117738701506,0.0,37.6473454756446,0.0,0.0
15.225160988181182,10.591125590125635,0.0,18.486112648148815,0.0,0.0
13.587455121074754,10.56029662877126,0.0,18.086353100284526,0.0,0.0
13.05879492119993,10.711734265079476,0.0,16.673049083058125,0.0,0.0
12.906644345054756,5.98425005994188,0.0,0.0,0.0,0.0
12.695984740757583,5.992000613232143,0.0,0.0,0.0,0.0
12.264360942783687,5.941645652503686,0.0,0.0,0.0,0.0
10.896603886488892,5.04646919469448,0.0,0.0,0.0,0.0
10.174932523825253,5.167858476493863,0.0,0.0,0.0,0.0
10.906580612196544,4.243471734222855,0.0,0.0,0.0,0.0
10.618331003404128,4.109705384880419,0.0,0.0,0.0,0.0
10.47618590119086,4.149225418726794,0.0,0.0,0.0,0.0
10.578143979678172,4.079787586229366,0.0,0.0,0.0,0.0
10.859016746359474,3.878137222233645,0.0,0.0,0.0,0.0
10.764959823806844,4.070142361313174,0.0,0.0,0.0,0.0
10.854403755692324,3.905384762524157,0.0,0.0,0.0,0.0
10.835181541730014,3.9560285545917497,0.0,0.0,0.0,0.0
10.85027443750607,1.2336553911991013,0.0,0.0,0.0,0.0
10.371020066889693,1.288424662569658,0.0,0.0,0.0,0.0
10.933288680729516,1.3593553582790678,0.0,0.0,0.0,0.0
10.966014213477637,1.3889846362336316,0.0,0.0,0.0,0.0
11.184935608949887,1.383597494787347,0.0,0.0,0.0,0.0
11.433262000352352,1.4123289158341967,0.0,0.0,0.0,0.0
11.373787001113286,1.4069417743879125,0.0,0.0,0.0,0.0
11.337486370032652,1.4213074849113372,0.0,0.0,0.0,0.0
11.910838447417703,1.4150224865573389,0.0,0.0,0.0,0.0
11.444882644696177,1.3503767892019274,0.0,0.0,0.0,0.0
11.379932907995403,1.3342153648630746,0.0,0.0,0.0,0.0
11.546555166338232,1.3315217941399324,0.0,0.0,0.0,0.0
11.158977957967583,0.0,0.0,0.0,0.0,0.0
11.218314111912358,0.0,0.0,0.0,0.0,0.0
11.20947073122401,0.0,0.0,0.0,0.0,0.0
11.389504262925307,0.0,0.0,0.0,0.0,0.0
7.281488867614975,0.0,0.0,0.0,0.0,0.0
6.950917535510654,0.0,0.0,0.0,0.0,0.0
6.723882366956079,0.0,0.0,0.0,0.0,0.0
6.9426454137311895,0.0,0.0,0.0,0.0,0.0
6.518033654065392,0.0,0.0,0.0,0.0,0.0
6.581112426665787,0.0,0.0,0.0,0.0,0.0
2.283354532352757,0.0,0.0,0.0,0.0,0.0
0.0,0.0,0.0,0.0,0.0,0.0
0.0,0.0,0.0,0.0,0.0,0.0
0.0,0.0,0.0,0.0,0.0,0.0
0.0,0.0,0.0,0.0,0.0,0.0
